{
  "model_type": "XGBClassifier",
  "n_estimators": 300,
  "max_depth": 6,
  "learning_rate": 0.1,
  "scale_pos_weight": 28.52,
  "accuracy": 0.9735,
  "roc_auc": 0.958615,
  "feature_columns": [
    "Type",
    "Air temperature [K]",
    "Process temperature [K]",
    "Rotational speed [rpm]",
    "Torque [Nm]",
    "Tool wear [min]",
    "Temp_Diff [K]",
    "Power [W]"
  ],
  "feature_importances": {
    "Rotational speed [rpm]": 0.3494586646556854,
    "Torque [Nm]": 0.19880197942256927,
    "Power [W]": 0.15743376314640045,
    "Tool wear [min]": 0.12411503493785858,
    "Temp_Diff [K]": 0.06583879888057709,
    "Process temperature [K]": 0.03587796166539192,
    "Type": 0.0352436825633049,
    "Air temperature [K]": 0.03323008865118027
  },
  "training_samples": 8000,
  "test_samples": 2000,
  "confusion_matrix": [
    [
      1904,
      28
    ],
    [
      25,
      43
    ]
  ]
}